Source_id,Sentence_en
1,<unk> the the <unk> <unk> <unk>
2,<unk> <unk> <unk> <unk> <unk> <unk> <unk> <unk> <unk> <unk> <unk> <unk> <unk> <unk> <unk> <unk> <unk> <unk> <unk> <unk> <unk> <unk> <unk> <unk> <unk>
3,<unk> <unk> <unk> <unk> <unk> <unk> <unk> <unk> <unk>
4,<unk> <unk> <unk> <unk> <unk> <unk> <unk> <unk> <unk> <unk> <unk> <unk> <unk> <unk> <unk> <unk>
5,"""and he said unto the <unk> <unk> <unk> <unk> <unk> <unk> <unk> <unk> <unk> <unk> <unk> <unk> <unk>"
6,<unk> the <unk> <unk> <unk> <unk> <unk> <unk>
7,boy displays affection in them.
8,<unk> <unk> <unk> <unk> <unk> <unk> <unk>
9,"""and he said unto the <unk> <unk> <unk> <unk> <unk> <unk> <unk> <unk> <unk> <unk> <unk> <unk> <unk> <unk>"
10,<unk> <unk> <unk> <unk> <unk> <unk> <unk> <unk> <unk> <unk> <unk> <unk> <unk> <unk> <unk> <unk>
11,<unk> <unk>
12,<unk> <unk>
13,<unk> the the the the the the the the <unk> <unk> the <unk>
14,"now, we the the the the the the the the"
15,<unk> <unk> <unk> <unk> <unk> <unk>
16,in the the <unk> <unk> the <unk> <unk> the <unk>
17,<unk> <unk> <unk> <unk> <unk> <unk> <unk> <unk> <unk> <unk> <unk> <unk> <unk> <unk> <unk>
18,you <unk>
19,<unk> the the <unk> <unk> <unk> <unk>
20,"now, we the the the the the the the the the"
21,<unk> <unk> <unk>
22,<unk> <unk>
23,"now, we the the the the the"
24,<unk> the <unk> <unk> <unk> <unk> <unk> <unk> <unk> <unk> <unk> <unk> <unk> <unk>
25,<unk> <unk> <unk> <unk> <unk> <unk> <unk> <unk> <unk> <unk> <unk> <unk> <unk> <unk> <unk> <unk> <unk>
26,<unk> <unk> <unk> <unk> <unk> <unk> <unk> <unk>
27,<unk> <unk> <unk>
28,boy displays affection in them.
29,<unk> <unk> <unk> <unk> <unk> <unk> <unk> <unk> <unk> <unk> <unk> <unk> <unk> <unk> <unk> <unk> <unk>
30,"now, we the the the the the the <unk>"
31,<unk> <unk> <unk>
32,<unk> the <unk> <unk> <unk> <unk> <unk> <unk>
33,we the the the the the the the the the the the the the <unk>
34,in the the the the the the the the the
35,<unk> <unk> <unk> <unk> <unk>
36,"""and he said unto him, and <unk> and <unk> and <unk> <unk> <unk> <unk> <unk> <unk>"
37,<unk> <unk> <unk> <unk> <unk> <unk> <unk> <unk> <unk> <unk>
38,"""and the <unk> <unk> <unk> <unk> <unk> <unk> <unk> <unk> <unk> <unk> <unk> <unk> <unk> <unk> <unk> <unk>"
39,<unk> <unk> <unk> <unk> <unk> <unk> <unk> <unk>
40,<unk> <unk> <unk> <unk>
41,<unk> <unk> <unk> <unk>
42,"""and the <unk> <unk> <unk> <unk> <unk> <unk> <unk> <unk> <unk> <unk> <unk>"
43,let us the the
44,<unk> <unk> <unk>
45,let us the the
46,<unk> <unk> <unk> <unk> <unk> <unk> <unk> <unk> <unk>
47,<unk> <unk> <unk> <unk> <unk>
48,"now, we the the the the the the the the <unk>"
49,the the the the the the the the the the the
50,<unk> <unk> <unk> <unk> <unk> <unk> <unk> <unk>
51,the the the the the the
52,"now, we the the the the the the the the"
53,"now, we the the the the"
54,"now, we the the the the the the the the the"
55,"now, we the the the the the the the the the the the"
56,<unk> <unk> <unk> <unk>
57,you will <unk>
58,"""and i have <unk> <unk> <unk> <unk> <unk> <unk> <unk> <unk> <unk> <unk> <unk> <unk> <unk>"
59,<unk> the the <unk> <unk>
60,"""and he <unk> <unk> <unk> <unk> <unk> <unk> <unk> <unk> <unk>"
61,the the the the the the
62,<unk> <unk>
63,<unk> the <unk> <unk> <unk>
64,<unk> <unk> <unk> <unk> <unk> <unk>
65,<unk> the <unk> <unk> <unk> <unk> <unk> <unk> <unk>
66,<unk> <unk> <unk> <unk> <unk> <unk> <unk>
67,we the the the the the the the the the the the the
68,<unk> <unk> <unk> <unk> <unk> <unk> <unk> <unk> <unk> <unk> <unk> <unk> <unk> <unk>
69,<unk> <unk> <unk> <unk> <unk> <unk> <unk> <unk> <unk> <unk> <unk>
70,"now, we the the the the the the"
71,<unk> <unk> <unk> <unk>
72,<unk> <unk> <unk>
73,<unk> the the the the <unk> <unk>
74,you will <unk>
75,let us the the
76,"""and he <unk> <unk> <unk> <unk> <unk> <unk> <unk> <unk> <unk> <unk> <unk> <unk> <unk> <unk> <unk> <unk> <unk>"
77,"now, we the the the the the"
78,<unk> the the the the <unk> <unk>
79,you are <unk>
80,<unk> <unk> <unk>
81,"""and the <unk> <unk> <unk> <unk> <unk> <unk> <unk> <unk> <unk> <unk> <unk> <unk> <unk>"
82,<unk> <unk> <unk> <unk> <unk> <unk> <unk> <unk> <unk> <unk> <unk> <unk> <unk> <unk> <unk> <unk> <unk>
83,"now, we the the the the the"
84,<unk> <unk>
85,"""and he said unto the <unk> and <unk> <unk> <unk> <unk> <unk> <unk> <unk> <unk>"
86,<unk> <unk> <unk> <unk> <unk> <unk> <unk> <unk> <unk> <unk>
87,<unk> <unk> <unk> <unk>
88,<unk> <unk> <unk> <unk> <unk>
89,"now, the the the the"
90,<unk> <unk> <unk> <unk> <unk> <unk>
91,<unk> the <unk> <unk> <unk> <unk> <unk> <unk> <unk> <unk> <unk> <unk> <unk>
92,"""and the <unk> <unk> <unk> <unk> <unk> <unk> <unk> <unk> <unk> <unk> <unk> <unk> <unk>"
93,<unk> <unk> <unk> <unk> <unk> <unk> <unk> <unk> <unk> <unk> <unk> <unk> <unk> <unk> <unk> <unk> <unk> <unk>
94,"now, we the the the the the the the the"
95,<unk> <unk> <unk> <unk>
96,"now, we the the the the the"
97,<unk> <unk>
98,you are
99,<unk> the the <unk> <unk> <unk> <unk> <unk> <unk> <unk> <unk>
100,<unk> <unk> <unk> <unk> <unk> <unk> <unk> <unk> <unk> <unk>
101,"""and he said unto him, and <unk> and <unk> <unk> <unk> <unk> <unk> <unk> <unk> <unk> <unk>"
102,<unk> <unk> <unk> <unk> <unk> <unk> <unk> <unk> <unk> <unk> <unk>
103,"""and he said unto him, and <unk> and <unk> and <unk>"
104,"""and he said unto him, and <unk> and <unk> and <unk> and <unk> and <unk> and <unk> and <unk> <unk>"
105,let us the the
106,<unk> the <unk> <unk> <unk> <unk> <unk>
107,you <unk>
108,<unk> <unk>
109,<unk> <unk> <unk> <unk>
110,<unk> <unk>
111,"now, we the the the the"
112,<unk> <unk> <unk>
113,"""and he said unto the <unk> and <unk> and <unk>"
114,<unk> <unk> <unk>
115,we the the the the the the the the the the the the
116,<unk> the the the the the the the <unk>
117,"now, we the the the the the the"
118,<unk> the the the the the <unk> <unk> the <unk>
119,the the the the the the the the <unk>
120,"""and he said unto the <unk> <unk> <unk> <unk> <unk> <unk> <unk> <unk> <unk> <unk> <unk> <unk> <unk> <unk> <unk> <unk> <unk> <unk> <unk>"
121,<unk> the <unk> <unk> <unk> <unk> <unk> <unk> <unk> <unk> <unk> <unk> <unk> <unk>
122,"now, we the the the the the the the the the the"
123,<unk> <unk> <unk> <unk>
124,<unk> <unk> <unk> <unk> <unk> <unk>
125,<unk> the the <unk> <unk> <unk> <unk> <unk> <unk> <unk>
126,you <unk>
127,<unk> <unk> <unk> <unk>
128,the the the the <unk> <unk> <unk>
129,<unk> the the <unk> <unk> <unk> <unk> <unk>
130,"now, we the the the the"
131,<unk> <unk> <unk> <unk> <unk>
132,<unk> <unk> <unk> <unk> <unk> <unk> <unk> <unk> <unk> <unk> <unk> <unk>
133,<unk> <unk> <unk> <unk> <unk> <unk>
134,<unk> <unk> <unk> <unk> <unk>
135,<unk> the <unk> <unk> <unk> <unk>
136,<unk> <unk> <unk> <unk> <unk> <unk> <unk> <unk> <unk> <unk>
137,"now, we the the the the the the the the the"
138,<unk> <unk> <unk> <unk>
139,the the the the the the the the the the the <unk> <unk> the <unk>
140,the the the the <unk> <unk>
141,you are <unk>
142,<unk> <unk> <unk> <unk>
143,"now, the the the the"
144,the the the the the the the the the the the the the <unk>
145,<unk> <unk> <unk> <unk> <unk>
146,<unk> <unk> <unk>
147,<unk> the <unk> <unk> <unk> <unk> <unk> <unk> <unk>
148,the the the the the the the the the the the <unk>
149,the the the the <unk>
150,"""and he said unto him, and <unk> and <unk> and <unk> and <unk> and <unk> and <unk> and <unk>"
151,"now, we the the the the"
152,<unk> <unk> <unk> <unk>
153,the the the the the <unk>
154,"now, we the the the the the the"
155,in the the the the the the the the the <unk>
156,"now, we the the the the the the the the <unk>"
157,<unk> the the <unk> <unk>
158,<unk> <unk> <unk> <unk> <unk> <unk> <unk> <unk> <unk>
159,<unk> <unk> <unk> <unk>
160,"""and he <unk> <unk> <unk> <unk> <unk> <unk> <unk> <unk> <unk> <unk> <unk> <unk> <unk> <unk> <unk> <unk> <unk> <unk> <unk> <unk>"
161,<unk> <unk> <unk> <unk> <unk> <unk> <unk> <unk> <unk> <unk> <unk> <unk> <unk> <unk> <unk> <unk> <unk> <unk> <unk> <unk> <unk> <unk>
162,"""and he said unto him, and <unk> and <unk> and <unk> <unk> <unk> <unk> <unk> <unk> <unk> <unk> <unk>"
163,you are <unk>
164,<unk> <unk> <unk> <unk> <unk> <unk> <unk> <unk> <unk> <unk>
165,we the the the the the the the the the the
166,<unk> the <unk> <unk> <unk> <unk> <unk>
167,the the the the the the the <unk>
168,"now, we the the the the the"
169,"""and he said unto him, and <unk> and <unk> and <unk> <unk> <unk> <unk> <unk> <unk> <unk> <unk> <unk>"
170,<unk> <unk> <unk> <unk>
171,and we the the the the <unk> <unk> the <unk>
172,<unk> <unk> <unk> <unk> <unk> <unk> <unk> <unk> <unk> <unk> <unk> <unk> <unk> <unk> <unk> <unk> <unk> <unk> <unk> <unk>
173,"""and he said unto him, and <unk> and <unk> and <unk>"
174,"""and he <unk> <unk> <unk> <unk> <unk> <unk> <unk> <unk> <unk> <unk> <unk> <unk> <unk>"
175,"now, we the the the the the the the"
176,"now, we the the the the the"
177,<unk> the <unk> <unk>
178,the the the the the the the the the the the the the the <unk>
179,<unk> <unk>
180,<unk> <unk> <unk> <unk>
181,"now, we the the the the the"
182,"now, we the the the the the the the the the the the the"
183,you <unk>
184,<unk> the the <unk> <unk> <unk> <unk> <unk> <unk> <unk> <unk> <unk> <unk> <unk> <unk> <unk>
185,we the the the the the the the the the the the the the the the the
186,<unk> <unk> <unk> <unk> <unk> <unk> <unk> <unk>
187,<unk> <unk> <unk> <unk> <unk> <unk>
188,"now, we the the the the the"
189,<unk> <unk> <unk> <unk> <unk> <unk> <unk> <unk> <unk> <unk> <unk> <unk> <unk> <unk> <unk> <unk>
190,<unk> the the <unk> <unk> <unk> <unk> <unk> <unk> <unk>
191,the the the the the the the the the the the the the the the <unk> <unk>
192,the the the the the the the the the
193,"""and he said unto the <unk> <unk> <unk> <unk> <unk> <unk> <unk> <unk> <unk> <unk> <unk> <unk> <unk> <unk> <unk> <unk> <unk> <unk>"
194,<unk> <unk> <unk> <unk> <unk>
195,<unk> the <unk> <unk> <unk> <unk> <unk> <unk> <unk> <unk> <unk> <unk>
196,you <unk>
197,<unk> <unk> <unk> <unk> <unk>
198,"""and he said unto the <unk> and <unk> <unk> <unk> <unk> <unk>"
199,and the the the <unk> <unk> the <unk> <unk> the <unk> <unk> the <unk> <unk> the <unk> <unk> the <unk> <unk> <unk> <unk> <unk> <unk> <unk> <unk>
200,<unk> <unk> <unk> <unk>
201,<unk> <unk> <unk> <unk> <unk> <unk>
202,let us the the
203,you <unk>
204,<unk> <unk> <unk> <unk> <unk>
205,"""and he said unto him, and <unk> and <unk> and <unk> and <unk> and <unk> and <unk> and <unk> and <unk> and <unk>"
206,<unk> the the <unk> <unk> <unk> <unk> <unk> <unk> <unk> <unk>
207,"now, we the the the the the the the"
208,let us the the
209,<unk> the <unk> <unk>
210,<unk> the <unk> <unk> <unk> <unk> <unk> <unk> <unk> <unk> <unk> <unk> <unk>
211,the the the the the the the the <unk>
212,"now, we the the the the the the the"
213,<unk> the the <unk> <unk> <unk> <unk> <unk> <unk> <unk>
214,<unk> <unk> <unk> <unk> <unk> <unk> <unk>
215,<unk> the <unk> <unk> <unk> <unk> <unk>
216,"now, we the the the the the"
217,"""and he said unto him, and <unk> <unk> and <unk> <unk> <unk> <unk> <unk> <unk> <unk> <unk> <unk>"
218,boy displays affection in them.
219,<unk> <unk> <unk> <unk> <unk> <unk>
220,"""and he <unk> <unk> <unk> <unk> <unk> <unk> <unk> <unk> <unk> <unk> <unk> <unk> <unk> <unk> <unk> <unk> <unk> <unk> <unk> <unk> <unk> <unk>"
221,<unk> the <unk> <unk> <unk> <unk>
222,boy displays affection in them.
223,<unk> the <unk> <unk> <unk> <unk> <unk> <unk>
224,"""and he said unto him, and <unk> <unk> and <unk> <unk> <unk> <unk> <unk> <unk> <unk> <unk> <unk> <unk> <unk> <unk> <unk>"
225,<unk> <unk> <unk> <unk> <unk> <unk>
226,<unk> <unk> <unk> <unk> <unk>
227,<unk> <unk> <unk> <unk> <unk> <unk> <unk> <unk> <unk> <unk>
228,<unk> <unk> <unk> <unk> <unk> <unk> <unk> <unk>
229,"now, we the the the the the the the the the"
230,<unk> <unk> <unk> <unk> <unk> <unk> <unk> <unk> <unk> <unk> <unk> <unk> <unk> <unk> <unk> <unk> <unk> <unk> <unk> <unk> <unk> <unk> <unk> <unk>
231,<unk> <unk> <unk>
232,<unk> <unk>
233,<unk> the <unk> <unk> <unk> <unk> <unk> <unk> <unk> <unk> <unk> <unk> <unk>
234,you <unk>
235,"now, we the the the the the the the the"
236,"""and he said unto the <unk> <unk> <unk> <unk> <unk> <unk> <unk> <unk> <unk> <unk> <unk> <unk> <unk> <unk> <unk> <unk>"
237,<unk> <unk> <unk> <unk>
238,"""and the <unk> <unk> <unk> <unk> <unk> <unk> <unk> <unk> <unk> <unk> <unk> <unk> <unk> <unk> <unk> <unk>"
239,<unk> the <unk> <unk> <unk> <unk> <unk>
240,<unk> the <unk> <unk> <unk> <unk> <unk> <unk> <unk> <unk> <unk> <unk> <unk>
241,<unk> the the <unk> <unk> the <unk> <unk> the <unk> <unk> the <unk> <unk>
242,<unk> <unk> <unk> <unk> <unk> <unk> <unk> <unk> <unk> <unk> <unk> <unk> <unk> <unk> <unk> <unk> <unk> <unk> <unk> <unk> <unk> <unk>
243,<unk> the <unk> <unk> <unk>
244,the the the the the the the the the the <unk> <unk>
245,<unk> <unk> <unk> <unk> <unk>
246,<unk> <unk> <unk> <unk> <unk> <unk> <unk> <unk> <unk> <unk>
247,<unk> <unk> <unk> <unk> <unk> <unk> <unk> <unk> <unk> <unk> <unk> <unk> <unk>
248,"now, we the the the the the the"
249,<unk> the the <unk> <unk> <unk> <unk> <unk>
250,<unk> the the the the the <unk> <unk> the <unk>
251,<unk> <unk> <unk> <unk> <unk> <unk> <unk> <unk> <unk>
252,you <unk>
253,the the the the the the the the the the <unk>
254,"""and he <unk> <unk> <unk> <unk> <unk> <unk> <unk> <unk> <unk> <unk> <unk> <unk> <unk> <unk> <unk> <unk> <unk> <unk> <unk>"
255,<unk> <unk> <unk> <unk> <unk> <unk>
256,<unk> <unk> <unk>
257,<unk> <unk> <unk> <unk> <unk>
258,"now, the the the the the"
259,<unk> <unk> <unk>
260,"""and he said unto the <unk> and <unk> <unk> <unk> <unk> <unk> <unk>"
261,let us the the
262,<unk> the <unk> <unk> <unk> <unk> <unk> <unk> <unk> <unk> <unk>
263,the the the the the the the the <unk>
264,you <unk>
265,the the the the the <unk>
266,you will the
267,<unk> <unk> <unk> <unk> <unk> <unk> <unk> <unk> <unk> <unk> <unk> <unk>
268,<unk> <unk> <unk> <unk> <unk> <unk>
269,<unk> <unk> <unk> <unk> <unk> <unk> <unk>
270,"""and the <unk> <unk> <unk> <unk> <unk> <unk> <unk> <unk> <unk> <unk> <unk> <unk> <unk> <unk> <unk> <unk> <unk> <unk> <unk> <unk>"
271,"""and he said unto the <unk> and <unk> <unk> <unk> <unk>"
272,"now, we the the the"
273,you will the the
274,<unk> the the <unk> <unk> <unk> <unk> <unk> <unk> <unk>
275,<unk> <unk> <unk> <unk> <unk> <unk> <unk> <unk> <unk> <unk> <unk> <unk> <unk> <unk> <unk> <unk> <unk> <unk> <unk> <unk> <unk> <unk> <unk> <unk> <unk>
276,<unk> <unk> <unk> <unk>
277,<unk> <unk> <unk> <unk> <unk>
278,"""and he said unto the <unk> <unk> <unk> <unk> <unk> <unk> <unk> <unk> <unk> <unk> <unk> <unk> <unk> <unk> <unk> <unk>"
279,<unk> <unk> <unk> <unk>
280,<unk> <unk> <unk> <unk> <unk> <unk> <unk>
281,the the the the the <unk> <unk> the <unk> <unk> the <unk> <unk> the <unk>
282,the the the the <unk> <unk>
283,<unk> the <unk> <unk> <unk>
284,"now, we the the the the the"
285,"now, the the the the"
286,<unk> <unk> <unk> <unk> <unk> <unk> <unk> <unk> <unk> <unk> <unk> <unk> <unk> <unk>
287,"""and he <unk> <unk> <unk> <unk> <unk> <unk> <unk> <unk> <unk> <unk> <unk> <unk> <unk> <unk> <unk> <unk> <unk> <unk> <unk> <unk> <unk> <unk> <unk>"
288,<unk> <unk> <unk> <unk>
289,"""and he said unto him, and <unk> and <unk> and <unk> and <unk> <unk> <unk> <unk> <unk>"
290,"now, we the the the the the the the the"
291,<unk> the the <unk> <unk> <unk> <unk> <unk> <unk> <unk> <unk> <unk>
292,<unk> <unk> <unk> <unk> <unk> <unk> <unk> <unk> <unk> <unk> <unk> <unk> <unk> <unk> <unk>
293,"now, we the the the the"
294,<unk> <unk>
295,"""and he said unto the <unk> and <unk> <unk> <unk> <unk> <unk> <unk> <unk> <unk> <unk> <unk>"
296,"now, we the the the the the the the"
297,<unk> <unk> <unk> <unk> <unk> <unk> <unk> <unk>
298,<unk> <unk> <unk> <unk> <unk> <unk> <unk> <unk> <unk> <unk> <unk> <unk> <unk> <unk> <unk>
299,<unk> <unk> <unk> <unk> <unk> <unk> <unk> <unk> <unk> <unk> <unk> <unk> <unk> <unk> <unk> <unk> <unk> <unk> <unk> <unk>
300,the the the the the the <unk>
301,<unk> <unk> <unk> <unk> <unk> <unk> <unk> <unk> <unk> <unk> <unk> <unk> <unk> <unk> <unk> <unk>
302,<unk> the <unk> <unk> <unk> <unk> <unk> <unk>
303,<unk> the the <unk> <unk> <unk> <unk> <unk> <unk> <unk> <unk> <unk> <unk>
304,<unk> <unk> <unk> <unk> <unk> <unk> <unk> <unk> <unk> <unk>
305,"now, we the the the the the the the"
306,the the the the the the the <unk> <unk>
307,"""and he said unto him, and <unk> and <unk> and <unk> and <unk>"
308,<unk> <unk> <unk> <unk> <unk>
309,"""and he <unk> <unk> <unk> <unk> <unk> <unk> <unk> <unk> <unk> <unk> <unk> <unk> <unk> <unk> <unk> <unk> <unk> <unk> <unk> <unk> <unk> <unk> <unk>"
310,"""and he <unk> <unk> <unk> <unk> <unk> <unk> <unk> <unk> <unk> <unk> <unk> <unk> <unk> <unk> <unk> <unk> <unk> <unk> <unk> <unk> <unk>"
311,let us the the
312,<unk> <unk> <unk> <unk> <unk> <unk> <unk> <unk> <unk> <unk> <unk> <unk> <unk> <unk> <unk> <unk> <unk> <unk> <unk> <unk> <unk> <unk> <unk> <unk> <unk> <unk>
313,<unk> <unk> <unk> <unk>
314,<unk> the the <unk> <unk> <unk> <unk>
315,<unk> <unk> <unk> <unk>
316,<unk> the <unk> <unk> <unk> <unk> <unk> <unk> <unk> <unk> <unk>
317,<unk> <unk> <unk> <unk> <unk> <unk>
318,"""and the <unk> <unk> <unk> <unk> <unk> <unk> <unk>"
319,<unk> <unk> <unk> <unk> <unk> <unk> <unk> <unk>
320,<unk> <unk>
321,"""and they <unk> <unk> <unk> <unk> <unk>"
322,you <unk>
323,<unk> <unk> <unk> <unk> <unk> <unk> <unk> <unk> <unk> <unk> <unk> <unk> <unk> <unk>
324,<unk> <unk> <unk> <unk> <unk> <unk> <unk> <unk> <unk> <unk> <unk> <unk>
325,"now, we the the the the"
326,"now, we the the the the"
327,the the the the the <unk>
328,"""and the <unk> <unk> <unk> <unk> <unk> <unk> <unk> <unk> <unk> <unk> <unk> <unk>"
329,the the the the <unk> <unk>
330,"now, we the the the the <unk>"
331,<unk> the <unk> <unk> <unk> <unk> <unk> <unk> <unk> <unk> <unk> <unk> <unk> <unk> <unk> <unk> <unk> <unk>
332,<unk> <unk> <unk> <unk>
333,<unk> <unk> <unk> <unk>
334,in the the the the the the the the the the <unk> <unk>
335,i can see the the the the the the the the the <unk> and the the <unk> <unk> the <unk> <unk> the <unk>
336,in the the the the the the the the the the the the the the <unk> <unk> the <unk>
337,<unk> <unk> <unk> <unk>
338,"now, we the the the the the the the the the the the the the"
339,"now, we the the the the the the the the the"
340,"""and they <unk> <unk> <unk> <unk> <unk> <unk> <unk> <unk> <unk> <unk>"
341,<unk> <unk> <unk> <unk>
342,"now, we the the the the the the the the <unk>"
343,<unk> <unk> <unk> <unk> <unk> <unk>
344,we the the the the the the the the the
345,<unk> <unk> <unk> <unk>
346,<unk> <unk>
347,"""and he said unto him, and <unk> and <unk> and <unk> and <unk> and <unk>"
348,"""and the <unk> <unk> <unk> <unk> <unk> <unk> <unk> <unk> <unk> <unk> <unk> <unk> <unk> <unk> <unk>"
349,the the the the the <unk>
350,<unk> <unk> <unk> <unk> <unk> <unk> <unk> <unk> <unk> <unk> <unk>
351,the the the the the the
352,"now, we the the the the the"
353,<unk> <unk> <unk> <unk> <unk> <unk> <unk>
354,you will <unk>
355,you <unk>
356,<unk> the <unk> <unk> <unk> <unk> <unk> <unk> <unk>
357,"now, we the the the the the the the the the the"
358,in the the the the <unk> <unk> the <unk> <unk>
359,<unk> <unk> <unk> <unk> <unk> <unk> <unk> <unk> <unk> <unk> <unk> <unk> <unk> <unk> <unk> <unk>
360,<unk> <unk> <unk> <unk>
361,<unk> <unk> <unk> <unk>
362,<unk> <unk> <unk>
363,the the the the the the the the the <unk>
364,"now, the the the the"
365,<unk> <unk> <unk> <unk> <unk> <unk> <unk> <unk> <unk> <unk> <unk> <unk> <unk> <unk> <unk> <unk> <unk> <unk> <unk> <unk> <unk> <unk> <unk> <unk>
366,"""and they <unk> <unk> <unk> and <unk> <unk>"
367,the the the the the the <unk>
368,<unk> <unk> <unk> <unk>
369,<unk> <unk> <unk> <unk> <unk> <unk> <unk> <unk> <unk> <unk> <unk> <unk> <unk> <unk>
370,the the the the the the <unk>
371,"now, we the the the the"
372,"now, we the the the the the the the"
373,<unk> the <unk> <unk> <unk> <unk>
374,"""and the <unk> <unk> <unk> <unk> <unk> <unk> <unk> <unk> <unk> <unk> <unk> <unk> <unk> <unk> <unk> <unk> <unk> <unk> <unk> <unk> <unk> <unk> <unk> <unk> <unk> <unk> <unk> <unk> <unk> <unk> <unk> <unk> <unk> <unk> <unk> <unk>"
375,<unk> the <unk> <unk> <unk> <unk> <unk> <unk> <unk> <unk> <unk>
376,"now, we the the the the the the the the the the the the the"
377,boy displays affection in them.
378,<unk> <unk>
379,you are <unk>
380,<unk> <unk> <unk> <unk> <unk> <unk>
381,<unk> <unk> <unk>
382,the the the the <unk>
383,<unk> <unk> <unk> <unk> <unk> <unk>
384,"""and he <unk> <unk> <unk> <unk> <unk> <unk> <unk> <unk> <unk> <unk> <unk> <unk> <unk> <unk> <unk> <unk> <unk> <unk> <unk> <unk> <unk> <unk> <unk> <unk> <unk>"
385,"now, we the the the the the the the <unk>"
386,"now, we the the the the the the the the the"
387,<unk> <unk>
388,<unk> the the <unk> <unk> <unk> <unk> <unk>
389,<unk> <unk> <unk> <unk> <unk> <unk>
390,let us the the
391,<unk> <unk> <unk>
392,boy displays affection in them.
393,you <unk>
394,we the the the the the the the the the
395,<unk> <unk> <unk> <unk> <unk> <unk> <unk> <unk> <unk> <unk> <unk> <unk> <unk>
396,<unk> the the <unk> <unk> <unk> <unk> <unk>
397,in the the the the the the the the the the <unk>
398,"now, we the the the the the the the the the"
399,"""and he said unto the <unk> and <unk> <unk> <unk> <unk> <unk> <unk>"
400,"now, we the the the the the the the the the the the"
401,<unk> <unk> <unk>
402,<unk> <unk> <unk>
403,<unk> <unk> <unk> <unk> <unk> <unk> <unk> <unk>
404,<unk> <unk> <unk> <unk>
405,<unk> <unk>
406,<unk> <unk>
407,<unk> the the <unk> <unk> the <unk>
408,<unk> <unk> <unk> <unk> <unk> <unk>
409,"""and he said unto the <unk> <unk> <unk> <unk> <unk> <unk> <unk> <unk> <unk> <unk> <unk> <unk> <unk> <unk> <unk> <unk> <unk> <unk> <unk> <unk> <unk>"
410,we the the the the the the the the the the the the the the <unk>
411,<unk> the the the <unk>
412,you <unk>
413,<unk> <unk>
414,"""and they <unk> <unk> <unk> <unk> <unk> <unk> <unk>"
415,<unk> <unk> <unk> <unk> <unk> <unk> <unk> <unk> <unk> <unk> <unk> <unk> <unk> <unk>
416,<unk> the the <unk> <unk> <unk>
417,<unk> <unk> <unk> <unk> <unk> <unk> <unk> <unk> <unk> <unk> <unk> <unk> <unk> <unk> <unk> <unk> <unk> <unk> <unk> <unk> <unk> <unk> <unk> <unk> <unk>
418,"now, we the the the the the the the the the the the the the the"
419,"""and he <unk> <unk> <unk> <unk> <unk> <unk> <unk> <unk> <unk> <unk> <unk> <unk>"
420,"now, we the the the the the the the the"
421,"now, we the the the the"
422,<unk> <unk>
423,"now, we the the the the the the the the the the the"
424,"now, we the the the the the"
425,"""and he said unto the <unk> <unk> <unk> <unk> <unk> <unk> <unk> <unk> <unk> <unk> <unk> <unk> <unk> <unk> <unk> <unk> <unk> <unk> <unk> <unk>"
426,<unk> <unk> <unk> <unk>
427,<unk> <unk> <unk> <unk>
428,"""and he said unto him, and <unk> and <unk> and <unk> and <unk> and <unk> and <unk> and <unk>"
429,you <unk>
430,<unk> the the <unk> <unk> <unk>
431,<unk> <unk> <unk> <unk> <unk> <unk>
432,<unk> <unk> <unk> <unk> <unk> <unk> <unk>
433,"""and he <unk> <unk> <unk> <unk> <unk> <unk> <unk> <unk> <unk> <unk> <unk> <unk> <unk> <unk> <unk> <unk> <unk> <unk> <unk> <unk> <unk> <unk> <unk> <unk> <unk> <unk> <unk> <unk> <unk>"
434,<unk> <unk>
435,you will <unk>
436,<unk> the the <unk> <unk> the <unk> <unk> the <unk> <unk> the <unk>
437,<unk> <unk> <unk> <unk>
438,<unk> the <unk> <unk> <unk> <unk> <unk> <unk>
439,<unk> the <unk> <unk> <unk> <unk> <unk> <unk> <unk> <unk> <unk> <unk>
440,<unk> <unk> <unk> <unk> <unk>
441,you <unk>
442,"""and they said unto the <unk> and <unk> <unk> <unk> <unk> <unk> <unk> <unk> <unk> <unk> <unk> <unk> <unk>"
443,<unk> the the <unk> <unk> the <unk> <unk>
444,<unk> <unk> <unk> <unk> <unk> <unk> <unk> <unk> <unk> <unk> <unk> <unk> <unk> <unk> <unk> <unk>
445,<unk> the <unk> <unk> <unk> <unk> <unk> <unk> <unk> <unk> <unk> <unk> <unk>
446,"""and he said unto the <unk> and <unk> <unk> <unk> <unk> <unk> <unk>"
447,<unk> <unk> <unk> <unk>
448,"""and he said unto the <unk> and <unk> <unk> <unk> <unk> <unk> <unk> <unk> <unk>"
449,<unk> <unk> <unk> <unk> <unk>
450,<unk> <unk> <unk> <unk> <unk> <unk> <unk> <unk>
451,the the the the the the the <unk>
452,you <unk>
453,<unk> <unk> <unk> <unk> <unk> <unk>
454,<unk> <unk> <unk> <unk> <unk> <unk> <unk> <unk>
455,<unk> <unk> <unk> <unk> <unk> <unk> <unk>
456,<unk> <unk> <unk> <unk>
457,<unk> the the the the the <unk> <unk> the <unk> <unk> the <unk> <unk>
458,"""and he said unto him, and <unk> and <unk> and <unk> and <unk>"
459,<unk> the the <unk> <unk> the <unk> <unk>
460,<unk> <unk>
461,<unk> the <unk> <unk> <unk> <unk> <unk> <unk>
462,<unk> <unk> <unk> <unk> <unk> <unk> <unk> <unk> <unk> <unk>
463,the the the the the the the the the the the the the the <unk>
464,"now, we the the the the the the"
465,you <unk>
466,<unk> <unk> <unk> <unk> <unk>
467,the the the the the the <unk>
468,"""and he said unto the <unk> <unk> <unk> <unk> <unk> <unk> <unk> <unk> <unk> <unk> <unk> <unk> <unk> <unk> <unk> <unk> <unk> <unk> <unk>"
469,the the the the <unk>
470,"now, we the the the the the the the the the the the"
471,<unk> the the <unk> <unk> the <unk> <unk> the <unk>
472,the the the <unk> <unk> <unk> <unk> <unk>
473,<unk> <unk> <unk> <unk> <unk> <unk> <unk> <unk> <unk>
474,<unk> the <unk> <unk> <unk> <unk> <unk> <unk> <unk>
475,"""and he said unto the <unk> <unk> <unk> <unk> <unk> <unk> <unk> <unk> <unk> <unk> <unk> <unk> <unk>"
476,the the the <unk> <unk>
477,"""and he said unto the <unk> <unk> <unk> <unk> <unk> <unk> <unk> <unk> <unk> <unk> <unk> <unk> <unk>"
478,<unk> <unk>
479,"now, we the the the the the the the the the the the"
480,"""and he said unto the <unk> <unk> <unk> <unk> <unk> <unk> <unk> <unk> <unk> <unk> <unk> <unk> <unk> <unk> <unk> <unk> <unk> <unk> <unk>"
481,the the the the <unk>
482,<unk> <unk> <unk> <unk> <unk> <unk> <unk> <unk> <unk> <unk> <unk> <unk> <unk> <unk> <unk> <unk> <unk> <unk> <unk> <unk> <unk> <unk> <unk>
483,<unk> <unk> <unk> <unk> <unk> <unk>
484,<unk> the the the the the <unk>
485,<unk> the the the <unk> <unk> the <unk> <unk> <unk> <unk> <unk> <unk> <unk> <unk> <unk> <unk> <unk>
486,"""and he <unk> <unk> <unk> <unk> <unk> <unk> <unk> <unk> <unk> <unk> <unk> <unk> <unk> <unk> <unk> <unk> <unk> <unk> <unk>"
487,<unk> <unk> <unk> <unk> <unk> <unk> <unk>
488,<unk> <unk> <unk> <unk> <unk> <unk> <unk>
489,"""and he said unto him, and <unk> and <unk> <unk> <unk> <unk> <unk> <unk> <unk> <unk> <unk> <unk> <unk> <unk> <unk> <unk> <unk>"
490,"""and the <unk> <unk> <unk> <unk> <unk> <unk> <unk> <unk> <unk> <unk> <unk> <unk> <unk>"
491,<unk> <unk> <unk> <unk> <unk> <unk> <unk>
492,you <unk>
493,<unk> the <unk> <unk> <unk> <unk> <unk> <unk>
494,<unk> <unk> <unk> <unk> <unk>
495,<unk> <unk> <unk> <unk> <unk> <unk> <unk> <unk> <unk> <unk> <unk> <unk> <unk> <unk> <unk> <unk> <unk> <unk> <unk> <unk> <unk> <unk> <unk> <unk> <unk> <unk> <unk> <unk> <unk>
496,<unk> <unk> <unk> <unk> <unk> <unk> <unk> <unk> <unk>
497,<unk> <unk> <unk> <unk> <unk> <unk>
498,<unk> <unk> <unk>
499,<unk> <unk> <unk> <unk> <unk> <unk>
500,boy displays affection in them.
501,<unk> <unk> <unk>
502,"now, we the the the the the"
503,"""and the <unk> <unk> <unk> <unk> <unk> <unk> <unk> <unk>"
504,you <unk>
505,"now, we the the the the the the"
506,<unk> the <unk> <unk> <unk>
507,"now, we the the the the the the the the the"
508,<unk> the the <unk> <unk> <unk> <unk> <unk> <unk> <unk> <unk> <unk> <unk> <unk>
509,<unk> <unk>
510,<unk> <unk> <unk> <unk> <unk> <unk> <unk>
511,the the the the the the
512,"""and he <unk> <unk> <unk> <unk> <unk> <unk>"
513,<unk> <unk> <unk> <unk> <unk> <unk> <unk> <unk> <unk> <unk> <unk> <unk> <unk> <unk> <unk> <unk> <unk> <unk> <unk> <unk>
514,"""and he said unto the <unk> <unk> <unk> <unk> <unk> <unk> <unk> <unk> <unk> <unk> <unk> <unk> <unk> <unk> <unk>"
515,<unk> <unk> <unk> <unk> <unk> <unk>
516,the the the the the the the the the <unk> <unk> the <unk> <unk> the <unk> <unk> the <unk> <unk> the <unk>
517,"""and he said unto the <unk> and <unk> <unk> <unk> <unk> <unk>"
518,<unk> <unk> <unk> <unk> <unk> <unk>
519,in the the the the the <unk> <unk> the <unk> <unk> the <unk>
520,<unk> <unk> <unk> <unk> <unk> <unk> <unk>
521,<unk> <unk> <unk> <unk> <unk>
522,<unk> <unk> <unk> <unk>
523,<unk> <unk> <unk> <unk> <unk> <unk> <unk> <unk> <unk>
524,the the the the the the the the the <unk>
525,<unk> <unk> <unk> <unk>
526,let us the the
527,the the the the
528,"now, we the the the the"
529,you <unk>
530,you <unk>
531,"now, the the the the"
532,<unk> the the the <unk> <unk> the <unk>
533,in the the the the the the the the the the the <unk> <unk>
534,<unk> <unk> <unk> <unk> <unk> <unk> <unk> <unk>
535,<unk> the the <unk> <unk> <unk> <unk> <unk> the <unk> <unk> <unk>
536,"""and the <unk> <unk> <unk> <unk> <unk> <unk> <unk> <unk> <unk>"
537,"""and he said unto him, and <unk> <unk> <unk> <unk> <unk> <unk> <unk> <unk> <unk> <unk> <unk> <unk> <unk> <unk> <unk>"
538,"now, we the the the"
539,boy displays affection in them.
540,"""and they <unk> <unk> <unk> <unk> <unk> <unk> <unk> <unk> <unk>"
541,"""and he <unk> <unk> <unk> <unk> <unk> <unk> <unk> <unk> <unk> <unk> <unk> <unk> <unk> <unk> <unk> <unk> <unk>"
542,<unk> the <unk> <unk> <unk> <unk> <unk> <unk> <unk> <unk> <unk> <unk> <unk> <unk> <unk> <unk> <unk>
543,i can see the the the the the the the the the the <unk> <unk> the <unk> <unk> the <unk>
544,"""and he said unto him, and <unk> and <unk> and <unk> and <unk>"
545,boy displays affection in them.
546,<unk> <unk> <unk> <unk> <unk> <unk> <unk>
547,"now, we the the the the the"
548,<unk> the <unk> <unk> <unk> <unk> <unk> <unk> <unk> <unk> <unk> <unk> <unk>
549,<unk> the the <unk> <unk> <unk>
550,"now, we the the the the the"
551,<unk> <unk> <unk> <unk> <unk> <unk> <unk> <unk> <unk> <unk> <unk> <unk>
552,and the the the the the the the <unk> the the <unk> <unk> the <unk> <unk> the <unk>
553,<unk> <unk>
554,<unk> <unk>
555,"now, we the the the the the"
556,<unk> <unk> <unk> <unk> <unk> <unk>
557,<unk> <unk>
558,<unk> the the <unk> <unk>
559,<unk> <unk> <unk> <unk> <unk> <unk> <unk> <unk> <unk>
560,the the the the the <unk>
561,in the the the the the the the the the the the the the <unk> <unk> the <unk>
562,"""and he said unto him, and <unk> and <unk> and <unk> and <unk>"
563,you are <unk>
564,you are
565,<unk> the the <unk> <unk> <unk> <unk> <unk>
566,<unk> <unk> <unk> <unk> <unk> <unk> <unk> <unk>
567,<unk> <unk> <unk>
568,you will <unk>
569,"""and they <unk> <unk> <unk> <unk> <unk> <unk> <unk> <unk> <unk> <unk> <unk> <unk> <unk> <unk> <unk> <unk>"
570,"now, we the the the the"
571,<unk> the the <unk> <unk> <unk> <unk> <unk> <unk> <unk> <unk> <unk> <unk>
572,"now, we the the the the the the the the the the the the <unk>"
573,<unk> <unk> the <unk> <unk>
574,let us the the
575,<unk> <unk> <unk>
576,<unk> <unk> <unk> <unk> <unk>
577,"""and he said unto him, and <unk> and <unk> and <unk> and <unk>"
578,<unk> <unk> <unk> <unk> <unk> <unk> <unk>
579,the the the <unk> <unk>
580,<unk> <unk> <unk> <unk> <unk> <unk> <unk> <unk> <unk> <unk> <unk>
581,"now, we the the the the the the the the the the the the the <unk>"
582,let us the the
583,<unk> <unk> <unk>
584,<unk> <unk>
585,<unk> <unk> <unk> <unk>
586,let us the the
587,"now, we the the the the the the"
588,you <unk>
589,<unk> <unk> <unk> <unk>
590,<unk> the the the the <unk>
591,"now, we the the the the the"
592,<unk> the the <unk> <unk> <unk> <unk> <unk> <unk> <unk> <unk> <unk>
593,<unk> <unk> <unk> <unk>
594,<unk> <unk> <unk> <unk> <unk>
595,<unk> <unk> <unk>
596,<unk> the the <unk> <unk>
597,<unk> <unk> <unk> <unk>
598,<unk> the <unk> <unk> <unk> <unk> <unk> <unk> <unk>
599,and the the the the the <unk> and the the <unk> <unk>
600,<unk> the <unk> <unk>
601,<unk> <unk> <unk> <unk> <unk>
602,"now, we the the the the the the"
603,<unk> the the the <unk>
604,"""and he said unto the <unk> and <unk> <unk> <unk>"
605,<unk> <unk> <unk> <unk>
606,"now, the the the the"
607,the the the the the <unk>
608,we the the the the the the the the the
609,<unk> <unk> <unk> <unk>
610,"now, we the the the the the the"
611,<unk> the the the the <unk>
612,<unk> <unk>
613,<unk> the the <unk> <unk> <unk> <unk> the <unk> <unk> the <unk> <unk>
614,<unk> <unk> <unk> <unk> <unk> <unk> <unk> <unk> <unk> <unk> <unk> <unk> <unk> <unk> <unk> <unk> <unk> <unk> <unk> <unk> <unk> <unk> <unk> <unk> <unk> <unk>
615,boy displays affection in them.
616,<unk> <unk> <unk> <unk> <unk> <unk>
617,<unk> <unk> <unk> <unk> <unk> <unk> <unk> <unk> <unk> <unk> <unk> <unk> <unk> <unk>
618,<unk> <unk> <unk> <unk> <unk> <unk> <unk> <unk> <unk>
619,<unk> <unk> <unk>
620,<unk> <unk> <unk> <unk> <unk> <unk> <unk> <unk> <unk>
621,<unk> <unk>
622,<unk> <unk> the <unk> <unk>
623,<unk> <unk> <unk> <unk> <unk> <unk> <unk>
624,"now, we the the the the the the the"
625,<unk> <unk>
626,"""and he said unto him, and <unk> <unk> and <unk> <unk> <unk> <unk> <unk> <unk> <unk> <unk> <unk> <unk>"
627,"""and he <unk> <unk> <unk> <unk> <unk> <unk> <unk> <unk> <unk> <unk> <unk>"
628,<unk> <unk> <unk>
629,<unk> the <unk> <unk> <unk> <unk> <unk> <unk> <unk> <unk> <unk> <unk> <unk> <unk> <unk>
630,"now, we the the the the the the the the the the the"
631,<unk> <unk> <unk> <unk> <unk> <unk> <unk>
632,the the the the the the the <unk> <unk> the <unk>
633,you <unk>
634,<unk> <unk> <unk> <unk> <unk>
635,you <unk>
636,<unk> <unk> <unk> <unk> <unk> <unk> <unk> <unk> <unk> <unk> <unk> <unk>
637,"""and the <unk> <unk> <unk> <unk> <unk> <unk> <unk>"
638,"now, we the the the the the the the the the"
639,"now, we the the the the the the the"
640,"""and he said unto him, and <unk> and <unk> <unk> <unk> <unk> <unk> <unk> <unk> <unk> <unk> <unk>"
641,in the the the the the the the the the the
642,"now, we the the the the the"
643,<unk> <unk> <unk> <unk> <unk>
644,<unk> <unk> <unk> <unk> <unk> <unk> <unk> <unk>
645,"now, we the the the the the the"
646,"""and he said unto him, and <unk> and <unk> and <unk> and <unk> and <unk> and <unk> <unk> <unk>"
647,<unk> <unk> <unk> <unk>
648,<unk> <unk> <unk> <unk> <unk> <unk> <unk> <unk>
649,<unk> <unk> <unk> <unk> <unk> <unk> <unk> <unk>
650,<unk> <unk> <unk> <unk> <unk> <unk> <unk>
651,<unk> <unk> <unk> <unk> <unk>
652,in the the the the the the the the the the <unk>
653,<unk> <unk> <unk> <unk> <unk> <unk> <unk> <unk> <unk> <unk>
654,<unk> the <unk> <unk> <unk> <unk> <unk> <unk> <unk> <unk>
655,<unk> the the <unk> <unk>
656,<unk> the <unk> <unk> <unk> <unk> <unk> <unk> <unk> <unk> <unk> <unk> <unk> <unk>
657,"now, we the the the the the"
658,<unk> the the <unk> <unk> <unk>
659,<unk> <unk> <unk> <unk> <unk> <unk> <unk>
660,<unk> <unk>
661,you will <unk>
662,<unk> the <unk> <unk> <unk> <unk> <unk> <unk> <unk> <unk> <unk> <unk> <unk>
663,"now, we the the the the the the the the the the"
664,<unk> <unk> <unk> <unk> <unk> <unk> <unk> <unk> <unk> <unk> <unk> <unk> <unk> <unk>
665,"""and he said unto him, and <unk> and <unk> <unk> <unk> <unk> <unk> <unk> <unk> <unk> <unk> <unk>"
666,<unk> <unk> <unk> <unk> <unk>
667,"now, we the the the the the the the the the the"
668,the the the the the the the <unk> <unk>
669,"""and he <unk> <unk> <unk> <unk> <unk> <unk> <unk> <unk> <unk> <unk>"
670,<unk> the the the the the the the <unk>
671,"""and he <unk> <unk> <unk> <unk> <unk> <unk> <unk> <unk> <unk> <unk> <unk> <unk>"
672,let us the the the
673,"""and he said unto him, and <unk> and <unk> and <unk> and <unk> and <unk>"
674,"""and the <unk> <unk> <unk> <unk> <unk> <unk> <unk> <unk> <unk> <unk> <unk> <unk> <unk> <unk> <unk> <unk> <unk> <unk> <unk> <unk> <unk> <unk> <unk> <unk> <unk> <unk> <unk> <unk> <unk> <unk> <unk> <unk> <unk> <unk> <unk>"
675,<unk> the <unk> <unk> <unk> <unk> <unk> <unk> <unk> <unk> <unk> <unk> <unk> <unk> <unk>
676,<unk> <unk> <unk> <unk>
677,<unk> the the <unk> <unk> <unk> <unk> <unk>
678,"""and he said unto the <unk> and <unk> <unk> <unk> <unk> <unk>"
679,"""and he said unto him, and <unk> and <unk> and <unk> and <unk> <unk> <unk> <unk> <unk> <unk>"
680,<unk> <unk> <unk> <unk> <unk> <unk>
681,"now, we the the the the the the the the the the the the the <unk>"
682,in the the the the the the the the the the the <unk>
683,<unk> <unk> <unk> <unk> <unk> <unk>
684,<unk> <unk>
685,let us the the
686,"now, we the the the the the"
687,<unk> <unk> <unk>
688,<unk> <unk> <unk> <unk> <unk>
689,"""and he said unto the <unk> and <unk> <unk> <unk> <unk> <unk> <unk> <unk> <unk> <unk> <unk> <unk> <unk> <unk> <unk> <unk> <unk> <unk> <unk> <unk> <unk> <unk> <unk> <unk> <unk> <unk>"
690,<unk> the the <unk> <unk> <unk> <unk> <unk> <unk> <unk> <unk> <unk> <unk> <unk> <unk> <unk> <unk> <unk> <unk> <unk> <unk> <unk>
691,<unk> the <unk> <unk> <unk> <unk> <unk> <unk>
692,<unk> <unk> <unk> <unk> <unk>
693,<unk> <unk> <unk> <unk> <unk>
694,<unk> <unk> <unk> <unk>
695,boy displays affection in them.
696,<unk> <unk> <unk> <unk>
697,<unk> <unk> <unk> <unk>
698,<unk> the the <unk> <unk>
699,"""and he said unto the <unk> <unk> <unk> <unk> <unk> <unk> <unk> <unk> <unk> <unk> <unk> <unk> <unk> <unk> <unk> <unk>"
700,"""and he said unto him, and <unk> and <unk> and <unk> and <unk> <unk> <unk> <unk> <unk> <unk> <unk>"
701,<unk> <unk> <unk> <unk> <unk> <unk> <unk>
702,the the the the the <unk> <unk> the <unk> <unk> the <unk>
703,<unk> <unk> <unk> <unk> <unk> <unk> <unk>
704,"""and the <unk> <unk> <unk> <unk> <unk> <unk> <unk> <unk> <unk> <unk> <unk> <unk>"
705,<unk> <unk> <unk>
706,<unk> the the <unk>
707,<unk> <unk> <unk>
708,<unk> <unk> <unk> <unk> <unk> <unk> <unk>
709,boy displays affection in them.
710,the the the the <unk> <unk> <unk> the <unk> <unk>
711,<unk> <unk> <unk> <unk> <unk>
712,<unk> <unk> <unk> <unk> <unk> <unk> <unk> <unk> <unk> <unk>
713,"""and he said unto him, and <unk> and <unk> and <unk> and <unk> and <unk> and <unk> and <unk> <unk>"
714,<unk> <unk> <unk> <unk> <unk> <unk> <unk> <unk> <unk>
715,<unk> <unk> <unk> <unk> <unk> <unk> <unk> <unk> <unk> <unk> <unk> <unk> <unk> <unk>
716,<unk> the the <unk> <unk> <unk> <unk> <unk>
717,"""and he said unto him, and <unk> and <unk> <unk> and <unk> <unk> <unk> <unk> <unk> <unk> <unk> <unk>"
718,<unk> <unk> the <unk>
719,<unk> <unk> <unk> <unk> <unk> <unk> <unk> <unk> <unk> <unk> <unk> <unk> <unk> <unk> <unk> <unk> <unk> <unk>
720,you <unk>
721,<unk> <unk> <unk> <unk> <unk> <unk> <unk> <unk> <unk> <unk> <unk> <unk> <unk> <unk> <unk> <unk> <unk> <unk> <unk> <unk> <unk> <unk> <unk> <unk> <unk> <unk>
722,the the the the the the the the the the <unk>
723,"now, we the the the the the the the the the the"
724,<unk> <unk> <unk> <unk> <unk> <unk> <unk>
725,"now, we the the the the the the"
726,<unk> <unk> <unk> <unk>
727,you are <unk>
728,<unk> <unk> <unk> <unk> <unk> <unk> <unk> <unk> <unk> <unk> <unk> <unk> <unk> <unk> <unk> <unk> <unk> <unk> <unk> <unk> <unk> <unk>
729,<unk> <unk> the <unk> <unk>
730,<unk> <unk> <unk> <unk> <unk> <unk>
731,<unk> <unk>
732,<unk> <unk> <unk> <unk>
733,<unk> <unk> <unk> <unk> <unk>
734,"""and he said unto him, and <unk> and <unk> <unk> <unk> <unk> <unk> <unk> <unk> <unk> <unk> <unk> <unk> <unk> <unk> <unk> <unk>"
735,<unk> <unk> <unk> <unk> <unk> <unk> <unk> <unk>
736,boy displays affection in them.
737,<unk> the <unk> <unk> <unk> <unk> <unk> <unk> <unk> <unk> <unk> <unk> <unk>
738,<unk> <unk> <unk> <unk> <unk>
739,<unk> <unk> <unk> <unk>
740,<unk> <unk> <unk> <unk> <unk> <unk> <unk> <unk> <unk>
741,<unk> <unk> <unk> <unk> <unk> <unk> <unk> <unk> <unk> <unk> <unk> <unk> <unk> <unk> <unk> <unk>
742,in the the <unk> <unk> the <unk> <unk> the <unk>
743,<unk> <unk> <unk> <unk>
744,<unk> <unk> <unk> <unk> <unk> <unk> <unk> <unk> <unk> <unk> <unk> <unk> <unk> <unk> <unk> <unk> <unk>
745,the the the the <unk> <unk>
746,"now, we the the the the"
747,let us the the
748,"now, we the the the the"
749,in the the the the the the the the the the the the <unk> <unk>
750,"now, we the the the the the the the"
751,<unk> <unk> <unk> <unk> <unk> <unk> <unk>
752,<unk> <unk>
753,"now, we the the the the the the the the the the the"
754,"""and he said unto him, and <unk> <unk> and <unk> <unk> <unk> <unk> <unk> <unk> <unk> <unk> <unk> <unk> <unk> <unk> <unk>"
755,"""and the <unk> <unk> <unk> <unk> <unk> <unk> <unk> <unk> <unk> <unk> <unk> <unk> <unk> <unk> <unk> <unk>"
756,<unk> the the the the <unk> <unk> the <unk> <unk> the <unk>
757,<unk> <unk> <unk> <unk>
758,"""and they <unk> <unk> <unk> <unk> <unk> <unk> <unk> <unk> <unk> <unk> <unk> <unk> <unk> <unk> <unk> <unk> <unk> <unk> <unk> <unk> <unk> <unk> <unk> <unk> <unk> <unk> <unk>"
759,"""and he said unto the <unk> <unk> <unk> <unk> <unk> <unk> <unk> <unk> <unk> <unk> <unk> <unk> <unk> <unk> <unk> <unk> <unk>"
760,<unk> <unk>
761,<unk> <unk> <unk> <unk>
762,<unk> the the <unk> <unk> <unk> <unk>
763,<unk> the the <unk> <unk> <unk>
764,"now, we the the the the the the the"
765,<unk> the <unk> <unk> <unk> <unk> <unk> <unk> <unk> <unk> <unk> <unk> <unk> <unk> <unk> <unk> <unk> <unk>
766,<unk> the the <unk> <unk> <unk>
767,"""and he said unto him, and <unk> and <unk> and <unk> and <unk> and <unk> and <unk> and <unk> <unk>"
768,<unk> <unk> <unk> <unk> <unk> <unk> <unk> <unk> <unk> <unk>
769,<unk> <unk> <unk> <unk> <unk> <unk> <unk> <unk>
770,<unk> <unk>
771,<unk> <unk> <unk> <unk> <unk> <unk> <unk> <unk>
772,<unk> <unk> <unk> <unk> <unk> <unk> <unk> <unk> <unk> <unk> <unk> <unk> <unk> <unk>
773,"""and they <unk> <unk> <unk> <unk> <unk> <unk> <unk> <unk> <unk> <unk> <unk> <unk>"
774,<unk> the <unk> <unk> <unk> <unk> <unk> <unk> <unk>
775,"now, we the the the the"
776,"now, we the the the the the the the the the"
777,the the the the the the the the <unk>
778,<unk> the <unk> <unk> <unk> <unk> <unk>
779,<unk> the the <unk> <unk>
780,"""and he <unk> <unk> <unk> <unk> <unk> <unk> <unk> <unk> <unk> <unk> <unk> <unk> <unk> <unk> <unk> <unk> <unk> <unk> <unk> <unk> <unk>"
781,the the the the the the <unk>
782,<unk> the the <unk> <unk>
783,"now, we the the the the the the the"
784,"now, we the the the the the the the the the the"
785,the the the the the the <unk> <unk> the <unk>
786,"now, we the the the"
787,you will <unk>
788,<unk> <unk> <unk> <unk>
789,"""and the <unk> <unk> <unk> <unk> <unk>"
790,in the the the the the the the the the <unk>
791,"""and he said unto the <unk> and <unk> <unk> <unk> <unk> <unk> <unk>"
792,you will the
793,"now, we the the the the the"
794,you us the
795,<unk> the the <unk> <unk> <unk> <unk>
796,<unk> <unk> <unk> <unk> <unk> <unk> <unk> <unk> <unk> <unk> <unk> <unk>
797,"now, we the the the the"
798,"""and he said unto him, and <unk> and <unk> <unk> <unk> <unk> <unk> <unk> <unk> <unk>"
799,<unk> the <unk> <unk> <unk> <unk> <unk> <unk>
800,<unk> the the <unk> <unk> <unk> <unk> <unk> <unk> <unk> <unk> <unk>
801,"""and he said unto him, and <unk> and <unk> and <unk> and <unk> and <unk> and <unk> and <unk>"
802,you will the the
803,"""and he said unto him, and <unk> and <unk> and <unk>"
804,<unk> the the <unk> <unk> <unk> <unk> <unk> <unk>
805,<unk> the <unk> <unk> <unk> <unk> <unk> <unk> <unk> <unk> <unk>
806,<unk> <unk> <unk> <unk> <unk> <unk>
807,"now, we the the the the the the"
808,let us the the
809,<unk> <unk> <unk> <unk>
810,"now, we the the the the <unk>"
811,the the the the the the the the the the the the the the
812,<unk> <unk> <unk> <unk> <unk> <unk> <unk> <unk>
813,"now, we the the the the"
814,let us the the
815,"now, we the the the the the the the the the"
816,<unk> the the <unk> <unk> <unk>
817,<unk> <unk> <unk>
818,<unk> <unk> <unk> <unk> <unk> <unk> <unk>
819,"""and the <unk> <unk> <unk> <unk> <unk> <unk> <unk> <unk> <unk> <unk> <unk> <unk> <unk> <unk> <unk> <unk> <unk> <unk>"
820,the the the the the the the the the the the the the
821,<unk> the the the <unk> <unk> the <unk> <unk> the <unk> <unk> the <unk>
822,you us the
823,"""and he said unto the <unk> and <unk> <unk> <unk> <unk> <unk> <unk> <unk>"
824,the the the the the the <unk>
825,"now, we the the the the the"
826,the the the the <unk>
827,"now, we the the the the the the the the the"
828,<unk> the the the the <unk>
829,<unk> <unk> <unk> <unk>
830,boy displays affection in them.
831,<unk> <unk> <unk> <unk> <unk> <unk> <unk> <unk> <unk>
832,"now, we the the the the the the the the the the the the"
833,"""and he <unk> <unk> <unk> <unk> <unk> <unk> <unk> <unk> <unk> <unk> <unk> <unk> <unk> <unk> <unk> <unk> <unk> <unk> <unk> <unk> <unk> <unk> <unk> <unk>"
834,"""and he said unto the <unk> <unk> <unk> <unk> <unk> <unk> <unk> <unk> <unk> <unk> <unk> <unk>"
835,<unk> the <unk> <unk> <unk>
836,"""and he said unto him, and <unk> and <unk> and <unk> and <unk> <unk> <unk> <unk> <unk> <unk> <unk> <unk> <unk> <unk> <unk>"
837,"now, we the the the the the the the the the the the"
838,the the the the the the <unk>
839,"""and the <unk> <unk> <unk> <unk> <unk> <unk> <unk> <unk> <unk> <unk> <unk> <unk> <unk> <unk> <unk> <unk> <unk> <unk> <unk> <unk> <unk> <unk> <unk> <unk> <unk> <unk> <unk> <unk> <unk> <unk> <unk> <unk> <unk> <unk> <unk> <unk> <unk> <unk>"
840,<unk> <unk> <unk> <unk> <unk> <unk> <unk> <unk> <unk>
841,<unk> the the the <unk> <unk> <unk> <unk> <unk> <unk> <unk> <unk> <unk> <unk> <unk> <unk> <unk>
842,"""and he <unk> <unk> <unk> <unk> <unk> <unk> <unk> <unk> <unk> <unk> <unk> <unk> <unk> <unk> <unk> <unk> <unk> <unk> <unk>"
843,<unk> the the <unk> <unk> <unk> <unk> <unk>
844,<unk> <unk> <unk> <unk> <unk>
845,and the the the the the <unk> <unk> the <unk> <unk>
846,<unk> the <unk> <unk>
847,<unk> the <unk> <unk> <unk> <unk> <unk> <unk> <unk> <unk> <unk> <unk> <unk> <unk> <unk> <unk> <unk> <unk> <unk> <unk> <unk> <unk> <unk> <unk> <unk>
848,"now, we the the the the"
849,<unk> the <unk> <unk> <unk> <unk> <unk> <unk> <unk> <unk> <unk> <unk> <unk> <unk> <unk> <unk> <unk> <unk>
850,<unk> <unk> <unk> <unk>
851,<unk> the the <unk> <unk> <unk> <unk> <unk> <unk>
852,<unk> <unk> <unk> <unk>
853,<unk> <unk> <unk> <unk> <unk>
854,<unk> <unk> <unk> <unk> <unk>
855,"now, we the the the the the the the the the the"
856,boy displays affection in them.
857,"now, we the the the the"
858,"now, we the the the the the the the the the the"
859,"now, we the the the the the the the the the the"
860,<unk> the <unk> <unk> <unk> <unk> <unk> <unk> <unk> <unk> <unk> <unk> <unk>
861,<unk> <unk> <unk> <unk>
862,"now, we the the the the the the the the the the the the the"
863,<unk> <unk> <unk> <unk> <unk>
864,<unk> <unk> <unk>
865,"""and i have <unk> <unk> <unk> <unk> <unk> <unk> <unk>"
866,<unk> <unk> <unk>
867,<unk> <unk> <unk> <unk>
868,<unk> the the <unk> <unk> <unk> <unk> <unk> <unk> <unk> <unk> <unk> <unk> <unk>
869,"now, we the the the the the the the the the the"
870,the the the the <unk> <unk> <unk> <unk>
871,<unk> <unk> <unk> <unk> <unk>
872,<unk> <unk> <unk> <unk> <unk> <unk> <unk> <unk> <unk> <unk> <unk> <unk> <unk> <unk> <unk> <unk> <unk> <unk> <unk> <unk> <unk> <unk> <unk> <unk>
873,<unk> <unk> <unk> <unk> <unk> <unk> <unk> <unk>
874,we the the the the the the the the <unk>
875,we the the the the the the the the the the the
876,<unk> the the <unk> <unk> <unk> <unk> <unk> <unk> <unk>
877,<unk> <unk>
878,<unk> <unk> <unk> <unk> <unk> <unk> <unk> <unk>
879,<unk> the the <unk> <unk> <unk> <unk> <unk> <unk> <unk> <unk>
880,"""and he said unto him, and <unk> and <unk> and <unk> and <unk> and <unk> and <unk> and <unk>"
881,<unk> <unk> <unk> <unk> <unk> <unk> <unk>
882,the the the the the the the <unk>
883,<unk> <unk> <unk> <unk> <unk> <unk> <unk>
884,<unk> the the <unk> <unk> <unk> <unk> <unk> <unk> <unk> <unk> <unk> <unk> <unk>
885,<unk> <unk> <unk> <unk>
886,"now, the the the the"
887,"""and he said unto him, and <unk> and <unk> and <unk> and <unk> and <unk> and <unk> and <unk> <unk>"
888,the the the the the <unk>
889,<unk> <unk> <unk> <unk> <unk>
890,<unk> <unk> <unk> <unk> <unk> <unk> <unk> <unk> <unk> <unk> <unk> <unk> <unk>
891,"""and he <unk> <unk> <unk> <unk> <unk> <unk> <unk> <unk> <unk> <unk> <unk>"
892,"""and he said unto him, and <unk> and <unk> and <unk> and <unk>"
893,<unk> <unk> <unk> <unk> <unk> <unk> <unk> <unk>
894,<unk> <unk> <unk> <unk> <unk> <unk> <unk> <unk> <unk> <unk> <unk> <unk> <unk> <unk> <unk> <unk>
895,you will <unk>
896,"""and they <unk> <unk> <unk> <unk> <unk> <unk>"
897,"now, the the the the"
898,"""and he <unk> <unk> <unk> <unk> <unk> <unk> <unk> <unk>"
899,in the the the the the the <unk> <unk> the <unk>
900,"""and they <unk> <unk> <unk> and <unk>"
901,<unk> <unk>
902,<unk> <unk> <unk> <unk> <unk> <unk> <unk>
903,<unk> <unk> <unk> <unk> <unk> <unk> <unk> <unk> <unk> <unk> <unk> <unk> <unk> <unk> <unk> <unk> <unk> <unk>
904,<unk> <unk> <unk> <unk> <unk> <unk> <unk> <unk> <unk> <unk> <unk> <unk> <unk>
905,<unk> <unk> <unk> <unk> <unk>
906,<unk> <unk> <unk> <unk>
907,<unk> <unk> <unk> <unk> <unk> <unk> <unk> <unk> <unk>
908,<unk> <unk>
909,"now, we the the the the the the the the the the"
910,"now, we the the the the the the the the the"
911,<unk> <unk> <unk> <unk> <unk> <unk> <unk> <unk> <unk> <unk> <unk> <unk> <unk> <unk> <unk> <unk> <unk> <unk> <unk> <unk> <unk> <unk> <unk> <unk> <unk>
912,<unk> the <unk> <unk> <unk> <unk> <unk>
913,<unk> <unk> <unk> <unk> <unk> <unk> <unk> <unk> <unk> <unk> <unk> <unk>
914,"now, we the the the the the the"
915,<unk> <unk> <unk>
916,"""and he <unk> <unk> <unk> <unk> <unk> <unk> <unk> <unk> <unk>"
917,"""and they <unk> <unk> <unk> <unk> <unk> <unk> <unk> <unk> <unk> <unk>"
918,<unk> <unk> <unk>
919,you will <unk>
920,<unk> the <unk> <unk> <unk> <unk> <unk> <unk> <unk> <unk> <unk> <unk> <unk> <unk> <unk> <unk> <unk> <unk> <unk> <unk> <unk> <unk> <unk> <unk> <unk> <unk> <unk> <unk> <unk> <unk>
921,"now, we the the the the the"
922,and the the the <unk> <unk> <unk> <unk> <unk> <unk> <unk> <unk> <unk> <unk> <unk> <unk> <unk> <unk> <unk> <unk> <unk> <unk> <unk>
923,<unk> <unk>
924,<unk> the the the the the <unk> <unk> the <unk> <unk> the <unk> <unk> <unk>
925,<unk> <unk> <unk> <unk> <unk> <unk> <unk> <unk> <unk> <unk> <unk> <unk> <unk> <unk> <unk> <unk> <unk> <unk> <unk> <unk> <unk> <unk> <unk> <unk> <unk> <unk> <unk> <unk> <unk> <unk>
926,we will the the
927,you <unk>
928,<unk> the <unk> <unk> <unk> <unk> <unk> <unk> <unk> <unk> <unk>
929,"now, we the the the the the the the the"
930,<unk> the <unk> <unk> <unk> <unk> <unk>
931,<unk> <unk>
932,"now, we the the the the the the the the the the"
933,<unk> <unk> <unk> <unk> <unk> <unk> <unk> <unk>
934,<unk> the the <unk> the <unk> <unk> the <unk>
935,"now, we the the the the the the the the the <unk>"
936,<unk> <unk> <unk> <unk> <unk> <unk> <unk>
937,"""and he said unto him, and <unk> and <unk> and <unk>"
938,you are <unk>
939,<unk> <unk> <unk> <unk>
940,"""and he said unto the <unk> and <unk> <unk> <unk> <unk> <unk> <unk>"
941,"""and he said unto the <unk> <unk> <unk> <unk> <unk> <unk> <unk> <unk> <unk> <unk> <unk> <unk> <unk> <unk> <unk> <unk> <unk> <unk> <unk> <unk> <unk> <unk> <unk> <unk> <unk>"
942,<unk> <unk>
943,<unk> the the <unk> <unk> <unk> <unk> <unk> <unk> <unk> <unk> <unk> <unk> <unk> <unk>
944,"now, the the the the the"
945,"now, we the the the the the the the the the"
946,<unk> <unk> <unk> <unk> <unk> <unk> <unk> <unk>
947,"""and the <unk> <unk> <unk> <unk> <unk> <unk> <unk> <unk> <unk> <unk> <unk> <unk> <unk> <unk> <unk> <unk> <unk> <unk> <unk>"
948,"""and the <unk> <unk> <unk> <unk> <unk> <unk> <unk> <unk>"
949,"""and he <unk> <unk> <unk> <unk> <unk> <unk> <unk> <unk> <unk> <unk> <unk> <unk> <unk> <unk> <unk> <unk> <unk> <unk> <unk> <unk> <unk> <unk>"
950,<unk> <unk> <unk> <unk> <unk>
951,<unk> <unk> <unk>
952,<unk> the the <unk> <unk> <unk> <unk> <unk> <unk> <unk>
953,<unk> <unk> <unk> <unk> <unk>
954,"now, we the the the the the the the the the"
955,"""and he said unto the <unk> <unk> <unk> <unk> <unk> <unk> <unk> <unk> <unk> <unk> <unk> <unk> <unk>"
956,<unk> <unk> <unk> <unk> <unk> <unk> <unk> <unk> <unk> <unk> <unk> <unk> <unk> <unk> <unk> <unk> <unk> <unk> <unk> <unk> <unk> <unk> <unk>
957,"now, we the the the the the"
958,"now, we the the the the the the the the <unk>"
959,"""and he said unto the <unk> and <unk> <unk> <unk> <unk> <unk> <unk> <unk> <unk>"
960,<unk> <unk> <unk> <unk> <unk>
961,<unk> the <unk> <unk> <unk> <unk> <unk> <unk> <unk> <unk> <unk> <unk>
962,"now, we the the the the the the the the the the the the the <unk>"
963,<unk> <unk> <unk> <unk> <unk> <unk> <unk> <unk> <unk> <unk> <unk>
964,<unk> <unk>
965,"""and the <unk> <unk> <unk> <unk> <unk> <unk> <unk> <unk> <unk> <unk> <unk> <unk> <unk> <unk> <unk> <unk>"
966,<unk> the the the the <unk> <unk>
967,<unk> the the <unk> <unk> <unk> <unk> <unk> <unk>
968,<unk> the the <unk> <unk> <unk> <unk> <unk> <unk> <unk> <unk> <unk> <unk> <unk>
969,<unk> <unk> <unk> <unk> <unk> <unk> <unk> <unk>
970,"""and he <unk> <unk> <unk> <unk> <unk> <unk> <unk> <unk> <unk> <unk> <unk> <unk> <unk> <unk> <unk>"
971,<unk> the the <unk> <unk> <unk> <unk> <unk> <unk> <unk> <unk> <unk>
972,"""and he <unk> <unk> <unk> <unk> <unk> <unk> <unk> <unk> <unk> <unk> <unk> <unk> <unk> <unk> <unk> <unk> <unk> <unk>"
973,"""and he <unk> <unk> <unk> <unk> <unk> <unk> <unk> <unk> <unk>"
974,"now, we the the the the"
975,<unk> the the the the the <unk> <unk> the <unk>
976,<unk> <unk> <unk> <unk> <unk>
977,<unk> <unk>
978,<unk> <unk> <unk> <unk> <unk>
979,<unk> <unk> <unk> <unk> <unk>
980,"""and the <unk> <unk> <unk> <unk> <unk> <unk> <unk> <unk> <unk> <unk> <unk> <unk> <unk> <unk> <unk> <unk> <unk> <unk>"
981,in the the the the the the the the the the the the <unk>
982,"now, we the the the the the the"
983,<unk> <unk> <unk> <unk>
984,<unk> <unk> <unk> <unk> <unk> <unk> <unk> <unk> <unk> <unk> <unk> <unk> <unk> <unk>
985,<unk> <unk> <unk> <unk> <unk> <unk> <unk>
986,<unk> <unk> <unk> <unk> <unk> <unk> <unk> <unk> <unk> <unk> <unk> <unk>
987,<unk> <unk> <unk> <unk>
988,<unk> <unk> <unk>
989,<unk> <unk> <unk> <unk> <unk> <unk> <unk>
990,<unk> the <unk> <unk> <unk> <unk> <unk> <unk> <unk>
991,the the the the the the <unk> <unk>
992,<unk> <unk> <unk> <unk> <unk> <unk> <unk> <unk> <unk> <unk>
993,<unk> <unk> <unk> <unk> <unk> <unk> <unk> <unk> <unk> <unk> <unk> <unk>
994,<unk> <unk> <unk> <unk> <unk> <unk> <unk>
995,"""and he <unk> <unk> <unk> <unk> <unk> <unk> <unk> <unk> <unk> <unk> <unk> <unk> <unk> <unk> <unk> <unk> <unk> <unk> <unk>"
996,<unk> <unk> <unk> <unk> <unk> <unk>
997,"""and he said unto him, and <unk> and <unk> and <unk> and <unk> and <unk> and <unk> <unk>"
998,<unk> the the the the <unk>
999,<unk> the <unk> <unk> <unk> <unk> <unk> <unk> <unk> <unk> <unk> <unk> <unk> <unk> <unk> <unk>
1000,<unk> the the <unk> <unk> <unk> <unk> <unk> <unk> <unk>
